,user_id,title,score,comms_num,timestamp,source
0,a44t1m,"I wonder if we upvote this, is there a chance trading bots get confused and start buying?",26569,367,2018-12-08 01:22:12,Reddit
1,a4q9ye,Sold my portfolio today and got myself a LAMBO!!!,16520,358,2018-12-10 03:01:55,Reddit
2,a1d0ze,Those mountains,12311,218,2018-11-29 05:15:12,Reddit
3,9zd9am,It was a nice ride,5910,240,2018-11-22 14:11:57,Reddit
4,9ylaxp,The rocket has taken off,5286,361,2018-11-20 00:41:46,Reddit
5,9z0k1v,Unpopular opinion: Those who use bitcoin to buy drugs online are doing more for bitcoin than the vast majority of HODL's,5245,841,2018-11-21 09:07:08,Reddit
6,a6o4sp,Last Year & Today,4950,287,2018-12-16 13:36:44,Reddit
7,a6yubo,Real scenario. We have to change this soon,3927,298,2018-12-17 13:57:56,Reddit
8,a3vodm,Embarrassed being caught in the middle,3850,447,2018-12-07 06:06:42,Reddit
9,a22dld,"Me and the bear market, right now. Donâ€™t be sad bro.",3728,145,2018-12-01 14:35:42,Reddit
10,9zvk68,2018 in crypto be like...,3437,176,2018-11-24 07:43:19,Reddit
11,a0jipr,Moon Soon,3412,179,2018-11-26 16:54:28,Reddit
12,a047e2,This time last year ...,3375,223,2018-11-25 04:10:03,Reddit
13,a2eczl,What can I get you for Christmas?,3344,157,2018-12-02 19:03:49,Reddit
14,a4cyrx,State of Bitcoin,3301,197,2018-12-08 21:10:10,Reddit
15,a4zaeb,Satoshi Nakamato,3232,292,2018-12-10 23:13:38,Reddit
16,a3n8qb,Priorities,3043,191,2018-12-06 14:42:11,Reddit
17,9ys0y5,What happened the emphasis of spending bitcoin on this sub?,2994,870,2018-11-20 16:10:33,Reddit
18,a08mxp,You never know,2948,193,2018-11-25 16:53:51,Reddit
19,a6gca5,My reaction to the price vs. everyone else's,2877,315,2018-12-15 19:12:40,Reddit
20,9ygo4l,Stop Using Wolf Of Wall Street memes!,2799,126,2018-11-19 16:17:28,Reddit
21,a57tmw,People need to zoom out.,2755,630,2018-12-11 18:36:00,Reddit
22,a1r7v6,Don't miss a chance!,2740,365,2018-11-30 13:12:55,Reddit
23,a2qruz,Crypto Gandalf returns,2686,89,2018-12-03 20:25:38,Reddit
24,a1hhye,sniatnuom esohT,2630,90,2018-11-29 16:52:02,Reddit
25,a330ry,My entire family feels compelled to send me every Bitcoin headline they read. I thought this was a good response.,2581,434,2018-12-04 20:52:48,Reddit
26,a2jz3j,"Congratulations on ONE Million Subscribers (12/2/2018, 9:06 PM EST)",2382,236,2018-12-03 05:06:19,Reddit
27,a69hqg,"How to answer next time someone asks you ""what is BTC?""",2229,353,2018-12-15 01:16:37,Reddit
28,a0tmip,how BTC got there?,2153,206,2018-11-27 13:19:49,Reddit
29,a5z9yb,With prices this low...,2013,328,2018-12-14 02:58:50,Reddit
30,a3patj,Watch BTC's ups and downs in this video!,2012,103,2018-12-06 19:11:14,Reddit
31,9zlv9c,"Tried to swing monitor upside down to create a meme, but it got even worse!",2008,104,2018-11-23 09:29:25,Reddit
32,a5mvw4,"Purchased a few rounds of drinks via bitcoin. Experience was smooth and when I asked the bartender/owner if they accepted bitcoin he replied with an enthusiasticâ€œOf course!â€ Made my visit to France, go support this manâ€™s bar lots of positive energy in there ðŸ»",1941,172,2018-12-13 01:03:44,Reddit
33,a16v1x,Shoutout to everyone who sold yesterday,1921,699,2018-11-28 17:51:19,Reddit
34,a65ot1,Just bought 10 BTC and I'm very proud & confident about my investment ðŸ’ª,1912,987,2018-12-14 18:19:28,Reddit
35,a37tv8,This is exactly who I am...,1910,141,2018-12-05 05:31:43,Reddit
36,9zyhke,Am I the only one feeling like this right now?,1659,217,2018-11-24 16:35:16,Reddit
37,9zr2sr,Overstock surges 26% after CEO says it will sell retail business and go all in on crypto business by February,1610,162,2018-11-23 22:09:40,Reddit
38,a3jbzl,But two months later I'm still holding it...,1576,233,2018-12-06 05:03:16,Reddit
39,a29nr7,Found this back in January. My position has not changed.,1503,316,2018-12-02 05:53:56,Reddit
40,a5h3qc,10-Year Jail Term Sought for Former Mt Gox CEO Mark Karpeles - Karpeles used customersâ€™ funds for his own personal use,1293,247,2018-12-12 13:48:15,Reddit
41,a5t58h,"I know this isn't much, but this is my little way of promoting BTC when I'm at arcades. Game: Asteroids",1235,98,2018-12-13 15:39:16,Reddit
42,a2xz3z,Bitcoin Promotes Renewable Energy,1236,251,2018-12-04 09:11:40,Reddit
43,a74sk5,Keep calm and accumulate coins,1776,337,2018-12-18 01:36:28,Reddit
44,9z90hh,Don't we deserve an explanation from th*e CEO??,1202,155,2018-11-22 03:25:48,Reddit
45,a2np6e,CryptoTraders canâ€™t see Santa no more thanks to Bruce!,1191,33,2018-12-03 14:07:21,Reddit
46,a1ye3q,"A couple weeks ago I posted that I bought school supplies with Bitcoin donated from redditors! Well, today was the day! 500 kids received toys, clothing and school supplies! Thank you, guys!",1014,55,2018-12-01 04:00:29,Reddit
47,a1m24d,â”´É¥osÇ WonuÊ‡Éá´‰us,944,58,2018-11-30 01:14:42,Reddit
48,9zn02e,Keep this in mind.,913,123,2018-11-23 12:47:11,Reddit
49,9yoybq,"Not a Lambo, but i bought this for 2 BTC (about $16k AUD) it's always been my dream car",909,117,2018-11-20 08:06:44,Reddit
50,9yv69i,Sums it up..,889,163,2018-11-20 22:04:04,Reddit
51,9zwsls,History repeats itself,834,144,2018-11-24 11:08:31,Reddit
52,a3dtd9,"Lightning network has grown 10,000% since February. Went from 4 BTC channel capacity to over 450 BTC",821,213,2018-12-05 19:25:17,Reddit
53,a6bvwp,x-post from /r/depression_memes,805,44,2018-12-15 06:30:32,Reddit
54,a5isqc,Bitcoin the non violent alternative.,735,127,2018-12-12 17:52:08,Reddit
55,9ypyi5,"Time for a repost: Come on, do something... Not that!",733,22,2018-11-20 10:30:34,Reddit
56,9yjrae,"As wolf of wallstreet meme's are forbidden now, I think we can use again this kind of meme.",737,24,2018-11-19 22:02:04,Reddit
57,a1i644,Hahahahahahahah!,688,104,2018-11-29 18:15:06,Reddit
58,a38pfz,Today I bought a little over 10 Bitcoins worth 40K. I think it was the right decision. Being part of one of the greatest inventions since birth control pills. ðŸ˜,667,446,2018-12-05 07:18:15,Reddit
59,9z0tbg,If no one else is going to post it...,671,57,2018-11-21 09:46:47,Reddit
60,9z4icx,Bitcoin Crashes,644,313,2018-11-21 19:07:46,Reddit
61,9zivxp,Beginnerâ€™s Guide to ï¸âš¡Lightningï¸âš¡ on a Raspberry Pi,660,183,2018-11-23 02:03:01,Reddit
62,a4v6a2,McAfee chickens out,641,253,2018-12-10 15:18:34,Reddit
63,9zywli,For everyone that bought this time last year.,623,217,2018-11-24 17:34:54,Reddit
64,a269qa,Spotted this guy at gilets jaunes event in Paris,612,57,2018-12-01 23:03:13,Reddit
65,a3qork,Crypto Gandalf knows the way,596,64,2018-12-06 21:28:20,Reddit
66,9ytddf,Don't Buy Bitcoin. It's Going To Crash!!!,575,237,2018-11-20 18:55:32,Reddit
67,9yk8ox,No comment,551,43,2018-11-19 22:51:57,Reddit
68,a0lc6k,"As a 2013 Hodler, here are some observations of what's going on:",540,361,2018-11-26 20:23:13,Reddit
69,a6wlt5,Andreas Antonopoulos is going to be on the Joe Rogan podcast (date to be announced),543,75,2018-12-17 07:44:27,Reddit
70,a0xdix,"Breaking: Starbucks May Accept Bitcoin, Claims Bakkt CEO",534,273,2018-11-27 21:10:13,Reddit
71,9ynze8,This is it,526,130,2018-11-20 05:59:01,Reddit
72,9z40ri,thats good news right....RIGHT?,522,36,2018-11-21 18:12:33,Reddit
73,a0kc9r,"Times have been tough, how about some holiday cheer? Free Reddit gold for the community",518,1832,2018-11-26 18:36:29,Reddit
74,a17unw,Let us not forget the guy who sparked the great bullrun of 2017!,495,53,2018-11-28 19:41:02,Reddit
75,a5s4cb,How Bitcoin Has Changed Someone's Life.,495,184,2018-12-13 12:47:08,Reddit
76,a02hwl,Itâ€™s happening again!!!! 3800 now.,499,674,2018-11-25 00:36:43,Reddit
77,a11z3y,I own 1 bitcoin!,466,183,2018-11-28 05:44:42,Reddit
78,9zkeig,"paid 39 AUD (6740 bits) with lightning, instant payment (5 secs), everything is super smooth",459,187,2018-11-23 05:48:07,Reddit
79,a4ab4x,If History Repeats....,449,221,2018-12-08 15:21:49,Reddit
80,9yjod0,Black friday upon us,455,71,2018-11-19 21:53:54,Reddit
81,a09k65,Bitcoin crash alright but remember John McAfee prediction and consequence,448,209,2018-11-25 18:59:16,Reddit
82,a5dwrf,Spotted in the wild.,443,83,2018-12-12 05:38:49,Reddit
83,a1qe8j,Is it still profitable to mine at the end of 2018?,440,10,2018-11-30 10:41:21,Reddit
84,a1mr4n,"My 7 year old daughter knew I like bitcoin, so she thought of this cake with mommy! Iâ€™m so happy :)",428,70,2018-11-30 02:33:19,Reddit
85,9zliie,Looks like history repeating itself,393,110,2018-11-23 08:34:33,Reddit
86,a32tc4,Market situation right now!,391,46,2018-12-04 20:31:55,Reddit
87,a4832v,Calling it:,391,186,2018-12-08 08:39:22,Reddit
88,a1kte6,CoinShares research shows at least 78% of Bitcoin mining uses renewable energy! making Bitcoin mining greener than almost every other large-scale industry in the world.,384,134,2018-11-29 23:02:39,Reddit
89,a767c3,"I've been buying bitcoins since the first time it hit $1,000. Hear me out",586,322,2018-12-18 04:21:46,Reddit
90,a0m5em,Just hodl,370,105,2018-11-26 21:45:03,Reddit
91,9yl3y6,The real psychology of our market.,370,73,2018-11-20 00:21:31,Reddit
92,a0mqlj,The Crash Hasnâ€™t Been All Bad...,365,29,2018-11-26 22:45:25,Reddit
93,a0dah8,To those who sold the bottom,355,231,2018-11-26 01:45:19,Reddit
94,a081qb,Anyone who says Bitcoin is going to zero is a complete f...ing moron. Because I will personally buy them ALL before we get to zero. And I certainly won't be giving any away for free!,354,289,2018-11-25 15:14:15,Reddit
95,a075b9,"In 2011, Bitcoin imploded and fell more than 90 percent from its peak to reach a price of $3 per bitcoin. Everyone declared bitcoin dead.",348,341,2018-11-25 12:08:03,Reddit
96,a39utu,In Denmark over 1500 restaurants accept Bitcoin as a payment solution via Hungry.dk I buy fast food once a week (home delivery) with Bitcoins.ðŸ˜Ž,340,60,2018-12-05 09:54:18,Reddit
97,9ytevj,"Ignore the price. Lightning network hits $2,000,000 capacity. This is a more important stat.",341,128,2018-11-20 19:00:07,Reddit
98,a67glf,Even if it goes to 0 ... I believe it is way better than the system and currencies we have now.,327,176,2018-12-14 21:31:15,Reddit
99,a1647j,Memorize This When You Think About Currently Price of BTC,319,160,2018-11-28 16:17:28,Reddit
100,9zivxp,Beginnerâ€™s Guide to ï¸âš¡Lightningï¸âš¡ on a Raspberry Pi,657,183,2018-11-23 02:03:01,Reddit
101,a78qwz,"Daily Discussion, December 18, 2018",21,147,2018-12-18 10:00:34,Reddit
102,a79rt2,"Once you understand how bitcoin works, you also understand how futile banning it is.. This is an old bitcoin meme, but a good one.",2596,273,2018-12-18 13:01:29,Reddit
103,a7ettd,Every Bitcoin Obituary plotted on a Bitcoin Price Chart,81,16,2018-12-18 23:23:05,Reddit
104,a7deuk,Blockstream Satellite Coverage Is Now Worldwide,91,21,2018-12-18 20:56:23,Reddit
105,a7fopb,OpenNode raises $1.25M to make it easier for merchants to accept bitcoin - The Block,37,5,2018-12-19 00:51:57,Reddit
106,a7ecgr,Introducing DropBit - CoinNinjaâ€™s New Mobile Wallet,43,50,2018-12-18 22:32:39,Reddit
107,a7eo6b,Tim Draper Invests $1.25 Million in Bitcoin Payments Processor OpenNode - CoinDesk,43,6,2018-12-18 23:06:23,Reddit
108,a7d2ip,"Bitcoin energy woes are over exaggerated, researchers say. Free solar energy could make Bitcoin's carbon footprint negligible",61,32,2018-12-18 20:20:50,Reddit
109,a7e6xa,"BTCPayServer Expands Lightning Operability, Integrates Spark Wallet",43,6,2018-12-18 22:16:51,Reddit
110,a7fjd2,CAUTION: DO NOT leave ANY balance in your localbitcoins wallet ever!!!,27,25,2018-12-19 00:36:15,Reddit
111,a78gua,"Congratulationsâ€‹ HODL-ers! Today we celebrate the 5-Year Anniversary of the term ""HODL""",432,66,2018-12-18 09:16:41,Reddit
112,a74sk5,Keep calm and accumulate coins,1780,337,2018-12-18 01:36:28,Reddit
113,a7fzfn,"My dad left me this reminder about ""cash"". I'm glad BTC is an alternative.",20,9,2018-12-19 01:22:51,Reddit
114,a7adb6,"The first ever ""HODL"" meme created from the original ""I AM HODLING"" post on BitcoinTalk - December 18th, 2013.",142,14,2018-12-18 14:47:04,Reddit
115,a7gmxv,Crypto memes have hit the big time! The latest one to go up on a billboard in San Francisco...,15,4,2018-12-19 02:35:07,Reddit
116,a782cw,How to get exposure to Bitcoin.,434,44,2018-12-18 08:17:58,Reddit
117,a7fcx8,Lightning Network Payment Processor OpenNode Closes Seed Round with Tim Draper,22,1,2018-12-19 00:18:07,Reddit
118,a7bdg6,Dave Rubin ditches Patreon and shifts to Bitcoin!,70,8,2018-12-18 17:10:36,Reddit
119,a7g91y,Western Union CEO Says Company is Prepared to Add Cryptocurrencies When It's Necessary |,16,8,2018-12-19 01:51:30,Reddit
120,a79g0z,Just HODL!,161,25,2018-12-18 12:03:24,Reddit
121,a7awtx,"Friendly newbie reminder: There is a hard coded cap of 21 million bitcoin forever. Unlike with fiat currencies, it's impossible to arbitrarily start/stop a printing machine completely squeezing your wealth by stealthy expropriation. Thus bitcoin will long-term turn out to be a true store of value.",74,69,2018-12-18 16:09:03,Reddit
122,a7clax,Bitcoin's Liquid Sidechain is being adopted by Swiss Financial Industry,38,0,2018-12-18 19:30:55,Reddit
123,a767c3,"I've been buying bitcoins since the first time it hit $1,000. Hear me out",589,322,2018-12-18 04:21:46,Reddit
124,a7e1cs,Cryptocurrency in general has been the most popular tech topic in 6 states across the U.S. according to this analysis,22,5,2018-12-18 22:01:23,Reddit
125,a7com5,Spend Bitcoin At Target,31,31,2018-12-18 19:40:24,Reddit
126,a7a27b,Blockstream Boosts Bitcoin Satellite Service With Lightning Payments - CoinDesk,97,19,2018-12-18 13:52:43,Reddit
127,a7bmi3,Iranian Students Turn To Crypto - Crypto is Coming,43,10,2018-12-18 17:42:27,Reddit
128,a7dgug,Syncing Data Between Bitcoin Nodes Is About to Get Easier,25,2,2018-12-18 21:01:59,Reddit
129,a7exnd,Yet another Proof of Keys article. It's spreading.,14,0,2018-12-18 23:34:31,Reddit
130,a7fkwx,Just spotted on the front page of CNN.com.,10,3,2018-12-19 00:40:38,Reddit
131,a7awq6,Rumors that Tethers are being â€˜printedâ€™ to pump the price of bitcoin may finally be put to rest,49,25,2018-12-18 16:08:38,Reddit
132,a7e5bd,Made me proud.,15,7,2018-12-18 22:12:22,Reddit
133,a7fdbl,"We've released our GitHub repository which contain code examples for accepting BTC with AtomicPay API in various programming languages, including C#, Go, Java, JavaScript, NodeJS, PHP, Python, Ruby and Shell scripting",10,0,2018-12-19 00:19:14,Reddit
134,a7dr1k,HolyTransaction.com wallet (also flyp.me project) trying to steal my Bitcoins. More than 10k$ on hold.,16,31,2018-12-18 21:31:10,Reddit
135,a7fb5t,Finance giant Western Union 'ready' to adopt cryptocurrency,9,5,2018-12-19 00:12:55,Reddit
136,a7fz7i,"Big mining shop closing down, selling their remaining stock for 50-70% off, this is small miner's chance",10,5,2018-12-19 01:22:16,Reddit
137,a7gif3,Core Developer Bryan Bishop on Building Bitcoin,4,0,2018-12-19 02:20:36,Reddit
138,a7h4v4,"USDX Wallet: Lightning-Fast, No-Fee, Crypto-Based Payment System",27,0,2018-12-19 03:32:02,Reddit
139,a79mth,Who Needs Verizon? Blockstream Broadcasts Entire Bitcoin Blockchain From Space,61,14,2018-12-18 12:36:45,Reddit
140,a7f0dr,"""Ignore the Price, 2018 Has Been a Fantastic Year for Bitcoin"", According to Spencer Bogart from Blockchain Capital.",9,0,2018-12-18 23:42:38,Reddit
141,a7fwj9,Bitcoin price is regaining momentum,6,4,2018-12-19 01:14:41,Reddit
142,a7a5p3,Hey again all unpatched bitcoin's Wallet owners and Full Node owners. Please help to keep the bitcoin network healthy (***CHRISTMAS EDITION***),50,12,2018-12-18 14:10:50,Reddit
143,a7ca7l,Anyone else see a merchant doing this?,20,19,2018-12-18 18:58:05,Reddit
144,a7fjkw,2018 bear market exercise.,6,1,2018-12-19 00:36:52,Reddit
145,a6yubo,Real scenario. We have to change this soon,3938,298,2018-12-17 13:57:56,Reddit
146,a7fcdn,The trader who nailed the Bitcoin top just covered his short,6,5,2018-12-19 00:16:25,Reddit
147,a7fvhj,Bitcoin over 3500 height again ðŸ‘,5,2,2018-12-19 01:11:44,Reddit
148,a7fapa,Bitcoin (BTC) in Space: How Cryptocurrency Solves Interplanetary Payments,5,2,2018-12-19 00:11:38,Reddit
149,a7fkjd,WebLN: Buying Uber credits over the Lightning on @bitrefill using the Joule browser extension,6,0,2018-12-19 00:39:28,Reddit
150,a7h2di,6 Steps to Pi + Lightning âš¡+ Docker ðŸ‹ & no external drive.,4,0,2018-12-19 03:23:46,Reddit
151,a7dlzz,Keep the CEX Honest! Proof of Keys,8,4,2018-12-18 21:16:28,Reddit
152,a7g4mt,An Oldie but Goodie - Chuck E Cheese vs BTC,3,0,2018-12-19 01:38:13,Reddit
153,a7e9wj,How to ID Scamcoins,8,22,2018-12-18 22:25:23,Reddit
154,a7duf3,Bitcoin Data Science (Pt. 3): Dust & Thermodynamics - We examine the history and future of dust: containers (UTXOs) of bitcoin that cost more to spend in fees than they hold.,8,2,2018-12-18 21:40:42,Reddit
155,a7cah6,8 Bitcoin Achievements That Prove 2018 Was Not Entirely Crap,13,3,2018-12-18 18:58:56,Reddit
156,a7bfct,How Venezuelans are (re-)building their own economy on BTC/LN working around government internet blockades and/or monitoring,21,0,2018-12-18 17:17:21,Reddit
157,a7fra3,Joust time,4,0,2018-12-19 00:59:34,Reddit
158,a7bukn,Core Developer Bryan Bishop on Building Bitcoin,14,2,2018-12-18 18:08:33,Reddit
159,a7ebnu,2018 â€“ Bitcoins best ever year,6,0,2018-12-18 22:30:26,Reddit
160,a7aus3,Despite having slow market bitcoin volume is increasing,21,2,2018-12-18 16:01:15,Reddit
161,a7c01r,McAfee last year: Bitcoin bubble is â€˜mathematically impossibleâ€™,10,9,2018-12-18 18:26:30,Reddit
162,a7h7w8,The Government Of Canada Is Now Officially Warning Canadians To Buy Legal Marijuana With Cash To Protect Their Personal Information,3,1,2018-12-19 03:41:40,Reddit
163,a7dc1w,response to crypto is dying - VC Funding into Crypto Companies Growing Exponentially,8,0,2018-12-18 20:48:11,Reddit
164,a7cja7,Can Bitcoin Mining Difficulty Adjustment Be a Kick Start for the Market?,8,3,2018-12-18 19:25:07,Reddit
165,a7ecdt,"If you bought BTC at 2017's high, Peter Schiff says you have a legitimate lawsuit against Brian Kelly & CNBC for pumping while shorting.",3,1,2018-12-18 22:32:25,Reddit
166,a7fvvq,Stratum mining aka centralized NPC mining protocol,4,0,2018-12-19 01:12:45,Reddit
167,a7e7re,Bitcoin Will Likely Survive the Crypto Winter Before Any Other Crypto Asset,5,0,2018-12-18 22:19:15,Reddit
168,a7c1td,Blockstream Satellite Launch - Bitcoin Blockchain Broadcast from Space to Every Major Land Mass on Earth,11,0,2018-12-18 18:31:57,Reddit
169,a76m0z,French crypto tax plan just got rejected. French will need to pay 60% if cashout more than 30k$. INSANE.,117,102,2018-12-18 05:10:30,Reddit
170,a77lz6,"Gab.com: â€œWe are bitcoin maximalists, full stop. Unapologetically.â€",81,67,2018-12-18 07:17:00,Reddit
171,a7dh60,Newbie here,4,8,2018-12-18 21:02:52,Reddit
172,a7eqvc,Do you wish you could go back in time to when mining BTC was a sure thing? Is a windfall just waiting to happen?,6,1,2018-12-18 23:14:25,Reddit
173,a7bcra,2019 is Now clear! *Funny*,12,0,2018-12-18 17:08:11,Reddit
174,a7cvqk,To Spend or Not to Spend,9,3,2018-12-18 20:01:35,Reddit
175,a7ej8o,Never Trust the main media so much FUD,5,2,2018-12-18 22:51:59,Reddit
176,a7egvt,Can someone explain the transaction lifecycle in bitcoin?,5,2,2018-12-18 22:45:23,Reddit
177,a7bwwd,"LIVE: One year after Bitcoin hit nearly $20,000, @novogratz shares his outlook for the crypto space in 2019 #BitcoinOneYearLater",8,1,2018-12-18 18:16:22,Reddit
178,a7dawl,Only Invest What You Can Afford To Loose,8,6,2018-12-18 20:44:53,Reddit
179,a7ahsq,Bitcoin Will Survive the Crypto Winter Before Any Other Digital Asset,14,1,2018-12-18 15:07:32,Reddit
180,a72s4y,Dave Rubin abandoned Patreon. Now accepts bitcoin!!,304,213,2018-12-17 22:06:24,Reddit
181,a7fu6k,Bargain Bitcoin Cryptocurrencies (Market Basket @ Chelsea Market),3,0,2018-12-19 01:07:57,Reddit
182,a7dkev,Bitcoin Price back in the days...,5,5,2018-12-18 21:12:01,Reddit
183,a7brqi,"Those Of Use That Hedl It To $3,000 Despite The Bad Publicity",10,12,2018-12-18 18:00:03,Reddit
184,a7b328,Bitcoin investor,9,3,2018-12-18 16:32:44,Reddit
185,a7fl4w,Reminder about the real bitcoin..,3,0,2018-12-19 00:41:19,Reddit
186,a790n3,"Will Bitcoin prevent this? =>Goldman Sachs is facing one of the most significant scandals in its history, a multibillion-dollar international fraud",28,6,2018-12-18 10:45:44,Reddit
187,a7bp4x,Ex-Goldman Exec Sees Better Days Ahead for Crypto as Institution-Focused Crypto Brokerage Launches,8,0,2018-12-18 17:51:25,Reddit
188,a7fk39,Cash For Bitcoin in Chattanooga,2,0,2018-12-19 00:38:13,Reddit
189,a74jrh,How you see Bitcoin in a world full of opinions.,154,82,2018-12-18 01:10:13,Reddit
190,a7a1d6,ELI5: How an ERC-20 to Bitcoin Lightning Atomic Swap works,14,4,2018-12-18 13:48:20,Reddit
191,a7bjs7,Jordan Peterson Flooded with Bitcoin Posts in Wake of Patreon Debacle,9,1,2018-12-18 17:33:15,Reddit
192,a79w5d,"At the end of 2017 everyone wanted to be in crypto. At the end of 2018, we will see who really wants to be in crypto.",16,2,2018-12-18 13:21:53,Reddit
193,a7br05,2018 Bitcoin price predictions 'experts' might want to forget,6,2,2018-12-18 17:57:36,Reddit
194,a7h77k,Japan Issues New Draft of Regulatory Framework for Cryptocurrencies,2,0,2018-12-19 03:39:28,Reddit
195,a7dpnc,Looks like Coinbase might now allow us to trade crypto for crypto,2,5,2018-12-18 21:27:01,Reddit
196,a7abak,Bitcoin HOLDERS have one thing in common..courage.,8,11,2018-12-18 14:37:19,Reddit
197,a7bbjv,Bloomberg channel talking about Bitcoin bear bull scenario.,6,3,2018-12-18 17:03:56,Reddit
198,a7gqsf,Why rally?,2,6,2018-12-19 02:47:14,Reddit
199,a7ejix,America Could Lead the Transition to a Digital Currency Reserve,2,3,2018-12-18 22:52:53,Reddit
